Allocator,Benchmark,AllocTime_us,FreeTime_us,AllocOps,FreeOps,AllocOpsPerSec,FreeOpsPerSec,PeakUtilization
SegregatedFreeList,Sequential,1141.00,87.00,10000,10000,8764241.89,114942528.74,0.061037
SegregatedFreeList,Random,1885.00,27.00,2000,2000,1061007.96,74074074.07,0.198117
SegregatedFreeList,Mixed,5.00,3.00,750,750,150000000.00,250000000.00,0.003815
SegregatedFreeList,Stress,1449.00,77.00,10000,10000,6901311.25,129870129.87,0.244146
Buddy,Sequential,113.00,117.00,10000,10000,88495575.22,85470085.47,0.152588
Buddy,Random,51.00,2112.00,2000,2000,39215686.27,946969.70,0.495282
Buddy,Mixed,5.00,74.00,750,750,150000000.00,10135135.14,0.009537
Buddy,Stress,64.00,47.00,8192,8192,128000000.00,174297872.34,0.500000
