Allocator,Benchmark,AllocTime_us,FreeTime_us,AllocOps,FreeOps,AllocOpsPerSec,FreeOpsPerSec,PeakUtilization
SegregatedFreeList,Sequential,1122.00,58.00,10000,10000,8912655.97,172413793.10,0.061037
SegregatedFreeList,Random,2540.00,29.00,2000,2000,787401.57,68965517.24,0.198117
SegregatedFreeList,Mixed,5.00,3.00,750,750,150000000.00,250000000.00,0.003815
SegregatedFreeList,Stress,1497.00,53.00,10000,10000,6680026.72,188679245.28,0.244146
Buddy,Sequential,264.00,55.00,10000,10000,37878787.88,181818181.82,0.152588
Buddy,Random,1478.00,2169.00,2000,2000,1353179.97,922083.91,0.495282
Buddy,Mixed,5.00,75.00,750,750,150000000.00,10000000.00,0.009537
Buddy,Stress,991.00,47.00,8192,8192,8266397.58,174297872.34,0.500000
