Allocator,Benchmark,AllocTime_us,FreeTime_us,AllocOps,FreeOps,AllocOpsPerSec,FreeOpsPerSec,PeakUtilization
SegregatedFreeList,Sequential,1114.00,55.00,10000,10000,8976660.68,181818181.82,0.061037
SegregatedFreeList,Random,2280.00,32.00,2000,2000,877192.98,62500000.00,0.198117
SegregatedFreeList,Mixed,5.00,5.00,750,750,150000000.00,150000000.00,0.003815
SegregatedFreeList,Stress,1693.00,54.00,10000,10000,5906674.54,185185185.19,0.244146
Buddy,Sequential,87.00,84.00,10000,10000,114942528.74,119047619.05,0.152588
Buddy,Random,712.00,3221.00,2000,2000,2808988.76,620925.18,0.495282
Buddy,Mixed,10.00,94.00,750,750,75000000.00,7978723.40,0.009537
Buddy,Stress,1812.00,83.00,8192,8192,4520971.30,98698795.18,0.500000
