Allocator,Benchmark,AllocTime_us,FreeTime_us,AllocOps,FreeOps,AllocOpsPerSec,FreeOpsPerSec,PeakUtilization
Buddy,Sequential,982.00,103.00,10000,10000,10183299.39,97087378.64,0.152588
Buddy,Random,2063.00,2126.00,2000,2000,969461.95,940733.77,0.495282
Buddy,Mixed,9.00,88.00,750,750,83333333.33,8522727.27,0.009537
Buddy,Stress,887.00,46.00,8192,8192,9235625.70,178086956.52,0.500000
